ads_performance,ds_performance,am_performance,java_performance,dbms_performance
101.90150813675926,87.34229686958923,87.0651423379458,86.40346929604416,95.76691319382886
94.28164428744542,92.50318048683401,94.51187009058545,96.80808733005814,97.41963108817255
88.59426300794631,70.0413555989175,72.41480954400674,90.92308262507245,101.52387477348702
95.36913832651706,84.55948897221768,86.59347401912558,96.60397641104174,77.36374361870607
89.62725815910792,106.77141128038464,92.91856925248531,110.49538889632979,110.62455677638538
93.33215547720945,80.82214986803672,88.62855177047481,82.64629983586497,70.78076304894863
90.73026090911489,84.82868159108205,103.76355074051418,91.6489727573999,82.29307545004997
90.87949568458738,101.78648890865585,85.46742224417815,89.74551460537852,85.56866052798706
93.73393161916947,97.10548611407938,100.88053457531339,94.78532285779423,103.08479630533265
94.88601026620195,86.48026215755374,87.87945173257556,87.02462544822278,90.2540997119635
103.57366653292645,98.35920339054094,101.88977597638618,98.10214335552459,92.94958262405446
98.76141785495089,102.54413676638524,90.15899784867017,102.93929718083956,97.69238394549261
86.40221567233634,72.4857235153538,65.503807242739,78.33787507487764,66.57740782974733
81.5841437704822,89.44770211519844,94.51361329602038,100.16355973374321,91.1403345113163
72.7383383818138,77.06134960345864,93.0613370275241,93.15053980812608,106.51970681779373
95.12359623913291,82.45472627758181,70.57409097049967,91.82931945507153,69.74885394099327
78.69296036935944,96.80593432820217,85.09483663547107,82.92566421887268,76.48321304294532
82.95072137738973,99.54509561541451,97.27508869192586,95.8899402459423,108.00591103383796
97.2463367546489,110.5704904020389,83.93076817914769,99.77135233241536,84.87864591964755
62.825564290091855,78.5232016557404,59.70035055490761,85.31550682105313,61.8688022121236
100.52168973364292,87.89827070819373,83.38856405171727,87.42889155770273,83.64953375535264
83.85378559632727,88.5712913445878,100.19659185015391,88.9986836840221,104.48648910254593
70.51841496663707,74.40672252661854,42.671770154925454,72.79170605189418,62.75498662904558
82.97113934436325,51.55931270364261,52.395216217482236,80.44612107845894,63.0155640878317
99.77456526842525,86.20562825946024,91.16168190220147,106.10509945431554,86.69588598683224
95.41583876316182,110.09016869044233,84.49013211833227,99.85639226248851,82.59983838702294
65.94102619879439,58.77783902261856,46.70720015048024,60.50969126560022,39.21189732749789
87.47648292925714,82.89855287025983,104.21910124051142,89.7242751107307,86.78045460230122
97.87460320622732,98.11634590452327,96.99399977720145,101.37337631487469,97.22444981960456
77.5320671025733,72.94336107233097,86.13109656458029,67.21100007411631,71.4647486823522
82.32029179274913,92.28204616155726,89.60413118541464,90.99024123869913,96.78748314673895
79.79276534229184,77.93111626323135,61.20352788925796,65.36098975400887,91.13002588369862
82.1210620364159,66.6075434949197,73.39419361074383,85.68336478262792,83.93011968754088
61.60206671531567,68.12760013794563,50.80412720119344,66.3730813042865,73.09516659518415
69.6086566016975,89.11357962711587,66.53656328950298,92.47482127441906,79.79181838967405
105.8768072796675,109.85652014604531,103.12566018886967,105.44663836849958,109.27258826377295
79.776278447222,94.83545602519305,94.94510839548755,88.74344077995663,77.29396075698074
112.54203619845772,96.0476812840793,85.13820537737413,109.1942367305256,90.43154068517104
97.22227930395815,98.25104409968118,69.2563524133632,82.43243827376452,104.55148813018462
85.20320578321626,84.73857880635296,62.86424453317294,84.94320470377122,94.93328527212158
103.46242385897972,100.64211271999868,97.73770878668915,95.52652870463247,108.95637113327207
69.81784705505477,85.71760909171715,51.74121283430729,75.76470387243678,78.99462970578453
84.20337583083536,81.89078300459096,81.76175676864854,78.50005925726809,93.47554040698424
111.25779481676784,93.88296167248379,95.7928352698217,95.22230373060933,108.47812600210116
98.68771348852464,95.90286531169009,90.57681038010497,110.9487695854496,101.39434864967514
78.27560597060965,83.73113096769795,78.878332173906,77.44594777250998,96.63791650634597
77.06993058557214,68.43178020687462,76.30586953093598,80.7685789017965,79.53343701967684
94.17887366606122,88.71185923855639,86.27145817129937,81.92669373416686,75.38262910808122
96.8351418196611,87.59804516101813,82.5473896308068,85.58618667056216,71.07166729753713
82.84267930034112,96.83856861531015,65.12253119358003,78.43415485960912,79.033461631158
104.68465477517968,102.86538937047585,105.80387873520219,107.85703850327923,111.40591856732772
71.19902502740567,86.40251951995806,80.08867554147837,53.627660471452735,55.006546790541286
62.03328087521161,75.11400927378546,62.7418465785624,82.03486120781784,60.337562796528566
107.48425181680533,111.17988118170885,100.51884338047893,112.04443640731772,103.18842809542778
86.00383491647658,87.04525901991146,87.78572711037242,96.9646859061491,77.14027609701701
103.9219526356309,111.35031617565787,111.87586942866709,105.60847637244925,112.71000322842403
103.03322819397532,74.1954754536276,99.18786040380787,110.15310458836917,101.06204196166271
104.70724558264207,112.55670278265566,80.70745219927043,101.47027174818594,95.50130381674911
88.82353892968693,77.55746699159796,87.79940180899209,73.49300046593375,93.19290892603142
74.7159619039959,81.77063549730693,68.55023975752184,91.94964547296766,94.35224280335451
83.95038002930634,73.40924331121298,73.44052701929525,88.8340939087368,80.60902975586811
99.85733085548169,101.31121463580052,62.26200378373662,98.6870477890901,81.46856061071185
84.53865412513225,105.51268294968065,76.06898097412088,101.73257292925463,91.17916187620798
102.27538063307111,103.2165548317921,95.76012688841811,102.27365269243205,106.46193358647602
99.87903531807696,82.4965618440012,83.36778545097366,91.23595576642157,83.14854964537071
101.05266640362079,97.76429287925386,100.9297096523949,98.90579874289983,99.24084398692648
96.73576573484722,96.57725400852463,91.99932527828383,98.02343848702687,91.36939611737127
70.39907145710335,57.8020231664377,68.0032592081807,97.5716621863695,65.9057730749632
99.40009152588263,109.95531529071506,89.55395484066665,109.95122894789304,110.28538743331353
79.17870747560534,65.40745372960721,77.64333768744225,89.22418628425129,73.50399197290979
83.34620962607728,90.4315548830645,73.81042533864931,96.66785242719874,94.62000318150328
93.3431715440515,93.30390614087955,101.46186542776009,108.76688464898282,87.35001113267047
87.74880164005228,99.06864443008253,87.90345881876004,87.01234426406378,82.38234816089393
68.13010090085841,64.77425049611371,50.20829166312514,57.08453442425037,70.8925556269487
94.44342341723498,105.1283680165971,88.44518711191962,98.7159225529789,105.4888996003992
98.30369684277007,96.31607609624885,88.22453322667423,97.92805709157906,91.78410082918842
77.40143178338803,61.673252356918844,68.58371835437781,79.68251735047335,92.91167351361533
95.76837839331881,107.71841420476085,106.0158849358433,102.00954768039675,111.28467139827202
77.79986392936696,98.260860045202,91.22317719489193,96.18583048074636,93.91779534186082
97.05386501060036,96.64312198359576,101.24366227357156,86.56520144805802,92.38603045785545
98.92228686220675,90.23411052763817,90.38620758900976,88.24749841558851,61.08371226482132
104.42201904056816,106.06620756615361,106.26492184206093,91.03547861459532,107.01476241188364
98.07759771938304,92.36644446743664,101.60561967144422,97.93898402163461,91.39847249350301
79.95918742299186,89.19251339394067,85.24977891341605,91.41429547753455,93.81521101425088
87.38263572798759,88.03968983662082,104.33363517493115,106.31848611415612,109.43239740813836
94.67320560896962,93.33409934779483,81.93124914889768,90.9427532968364,96.9101629678229
88.88995131806631,86.48330837026614,91.68926131620266,101.63901923938678,87.25816987575033
82.79961289546488,84.82708349366607,57.14825837041923,86.2300490270069,78.5934350731118
60.004110659214454,85.07771393803569,83.63265834016381,89.07975897815463,69.36403769893131
87.80365501175781,72.12357007885946,91.74116805865681,94.91021234529696,94.30829516587336
87.89401196444057,74.16726107468455,77.53125959500126,83.25521979466494,52.51999648850588
91.33589745627081,86.24166058849538,87.67540122902778,100.39317398578409,88.27059849161944
108.60151579335698,100.04203651167845,114.15990377908753,106.61038781429532,104.3752990477267
83.62850082972238,87.74856486877906,67.80696839206563,80.9105562254589,104.2535234180021
86.74199848732724,87.95950451470873,93.82236635165802,67.99285620277578,67.88072331452452
91.19057765229567,84.22646253026105,68.06582537023264,78.54389798118697,77.45702510601731
92.2615112871315,88.36223547730967,91.32767095737074,98.1982115103296,75.72068261650983
101.91169626725329,88.42108468918072,99.2944281630989,96.60704812162716,78.99488810826635
103.36393675633505,89.49535839433315,95.32648559855943,103.24647432410303,101.97284510018167
97.93064679828868,74.3617097384966,87.10734563071432,87.43518869975536,59.503319886716255
66.64850926904735,60.28855533525187,75.9715649082241,70.35256353283842,95.1209324281051
100.96232131529412,99.97721184257169,94.26784733218888,102.85034225723646,94.87851155792795
80.69046866402327,60.06605890434682,87.50620221641681,64.67808486283565,69.29532073718735
86.46054620685904,98.80981862330405,100.00685449240255,95.53629541345535,73.08134778387299
86.06532908551698,87.1367164368826,73.58066148102048,86.22683707180214,103.29223391595667
104.0163082345195,109.11350805018353,93.97743158874982,96.66178187270134,78.48763150118975
98.90148287498423,102.58748849715093,104.13144572026069,101.29155204947247,97.98641087215526
102.99015656269935,73.53967158863408,81.66268844914983,91.58400838541,79.70080976766604
95.427836803595,93.9501788691799,81.660946028569,81.01317753754464,88.07469676066835
73.61990587518414,72.3162516240267,62.77177445902905,81.41384315685124,78.50754917140982
95.90844145377145,97.09717829665504,90.66051826262806,91.87362342123893,99.37974416665253
99.58768411800537,88.6687851761159,103.31977486315301,96.52515821973019,100.79588361540246
92.27223292158641,78.78702760480616,88.74787088434731,78.02218021052684,85.6765226062137
100.33501556115343,105.12957168097998,102.74794207617803,104.38197507960875,113.46742393472556
83.44060911214186,84.07478875273908,72.05115829698745,79.4725324477203,86.87497847890205
93.92378867010753,101.29368157532998,80.19110823244083,88.76152802679742,98.42601703944692
88.081334472371,74.65429911203309,79.2366500603456,87.04518540038612,89.96239611702575
94.01421529897054,96.68444245351894,90.89721058354684,91.56621655385698,105.46974383823718
97.52734070327027,96.77000296452587,73.4210732118828,91.90364139110262,63.3069334111797
87.94441402158243,100.41760627897496,95.14639662417837,108.42491082696435,100.61188865836738
49.541422356284514,80.06730400557313,67.89483496125449,81.27762397861372,89.13515721132129
94.78425732256134,100.92885150233647,100.39138045899516,99.58593592262312,102.85838427828658
92.33753649287691,92.0756110408166,70.63200943281697,105.56851532055737,99.87426322081565
86.80252283508604,85.8223401139508,68.8764794430171,88.94164557743807,94.3486519594363
89.14162620039863,91.40699597281731,84.27548550112063,82.23593033137732,82.69704688519434
85.33857369011584,96.74015102735066,67.48182257597985,81.10826133391518,84.98515493541176
95.11641761479359,74.10712342799606,97.28186861351868,96.344581277778,75.57329321074063
81.40506031858905,70.66166875384621,51.90233044666888,79.73249838312267,75.21389238862963
82.13194198267395,88.35038196457607,70.06664155212245,83.77270890254582,87.00584229751081
104.13979553837223,97.71702901934432,104.10254016758284,100.43331886092943,88.9664819492705
80.79316113584163,67.22687884220822,63.845007619168115,74.38404022745738,56.97549533191209
102.78859970603226,93.49473039789842,87.05735506906389,105.77387528738402,100.00856240776886
80.0372643913582,71.78489206543954,48.89262783514077,71.91583151394133,85.26576473387793
95.27117181629694,108.77878945974307,86.97746182907994,97.19074076123496,101.49267260605676
100.82675259801282,97.19268381851231,104.38891760180513,102.867497779154,83.30370982254257
99.27247590285202,72.31346391912784,97.13222582061027,102.92275755272622,97.88431848838296
80.77676931534508,56.81649937347502,53.57057363861104,54.23834729541336,76.3144896340352
83.6282185841198,82.70776647329126,77.97953204229196,102.11643413316182,78.7349086727546
79.40265186688049,79.86198407151254,71.78750153718121,78.50056303413037,73.59027025901065
87.51090049454528,88.58106423580867,73.60689422176098,99.8240620641899,72.46084538309431
104.49840298671381,86.04009839202264,97.39294693089379,98.40627200341095,98.58621631755457
93.1860606541962,78.8224192664732,85.57032561970266,92.31521913430998,81.83969034049059
91.63338778828648,78.29184848256692,69.33810050091765,104.40300718074309,83.78455481013381
104.40822430889892,105.5046027616609,113.35478297100346,120.46849941287107,104.74580674660955
104.45970485204168,100.58043697846283,106.09294365186348,101.54338959775247,106.78163750240014
104.21729871867733,116.3390885820217,114.19302562859346,92.45762197749328,107.98518815375533
104.55413112574854,100.95265961897839,97.66429196794614,103.49258049607803,100.92005798295308
91.12745416426813,92.76592676547368,91.41732335981524,103.97205013100951,108.34995085673101
81.64055658100762,90.86970700708868,88.80365148325811,84.69281172123412,86.25007243126372
91.55786782897091,91.94284734424984,66.61848025846996,91.93005566867723,86.24656607400092
90.58997386491487,75.0288905563666,69.65356607562074,73.92998474721924,60.79346634140045
74.36922588145536,74.94914051117716,74.64360318175356,97.1026882573847,72.35300843583143
101.68774577725372,90.10095677537002,87.69302506342132,96.35624450787687,101.88125153389642
82.99091764234511,92.7134354600228,76.0240792855716,82.88016532046142,91.1885074930834
83.98134710174396,103.90673732552894,94.07256911370044,87.9794129088499,82.30331472646188
78.83665910700987,74.39545406480521,74.23577638588456,104.4971784708754,103.542538060898
90.86387767331644,87.8747208838109,67.65486507337707,86.64813166030703,79.11686508590505
100.89884081574802,103.5132503551121,88.4671976868713,102.24550810503892,92.94413098184465
96.0926865749089,99.09554009731238,105.75200990702996,105.6126528121427,92.5552344069215
85.78950921249735,92.17254258182508,90.84137201846228,100.37748860423171,97.59517095216516
98.5116198986263,86.54443397317594,93.25458049112163,87.57439983854518,103.14352302161033
92.16254936700948,81.77504283022121,93.14520436292398,91.08313799010891,105.17450028903309
102.6672911501404,105.24791631986267,107.88845636683713,112.38434613147318,90.25385959833055
78.49538588249185,93.76779146686272,94.47090603670439,88.4532296578453,86.07411147270874
96.74281873826087,104.54702516470091,101.86892797405089,96.13277068394376,109.3428201896736
91.96011688177188,85.23835720683391,71.9502061745617,61.63925294544395,84.96331561856526
90.29907185321498,106.38792864555917,99.86329780780736,111.18374451719131,105.9263302972876
69.30381543697625,57.77740073465022,84.266012089986,84.73724345408692,63.76939565116572
94.3407322478439,105.5696067408351,91.57069234032963,106.16349838931728,96.71254213059802
71.7306425374101,94.95792819544006,77.08010450118029,87.86398352143864,85.50968911021239
86.12003459467485,94.982041476537,59.883226627986666,80.55637888195564,76.78408069307321
108.6565782913265,106.94369523955224,104.20854577184396,103.25938587031706,98.68773073613325
103.4481468531437,98.9386104996121,79.42823160853874,102.41308806815731,101.12963563164594
101.86223431785285,86.13823572739493,85.81539720932047,91.31838058294886,98.48409097328148
97.54327578442226,106.03705741914496,103.88610126400657,110.51184006224184,110.22693223855825
93.76503150183815,75.6804673316079,71.42169829066371,84.95194253400467,80.37385560242384
103.67102251973492,111.33412318065643,112.91941978269053,111.15426271629475,107.9953612149043
109.95294019502764,97.78695938856157,85.69986319184582,107.62677761379211,108.88616246129254
91.03019680121335,90.11841474291941,93.30915818619368,95.16855388507781,93.9923381105816
94.11145064375685,100.86928082326482,85.92229360840543,93.02981286989959,90.14139334477167
90.19954445652604,87.43969823815502,68.13137355950218,88.35699401160484,76.19620094610649
89.16738192341934,92.39406515108558,98.01778491420431,99.96147834967066,111.16188751117906
90.3573230391287,104.05890219810748,98.82856054294015,94.40495152457945,99.19470772575264
116.78206992688777,115.45746111158971,101.50252399509398,117.34094279616862,101.36439593312316
109.60702499864695,104.63937884352231,109.44584864422075,109.54337806623087,115.53845259216473
70.39908892023779,90.24620194786951,82.29624320332586,85.21572917725952,95.47560885604213
94.66079717069992,101.17444842539082,104.4446298301807,101.96945577982359,94.85464350316869
69.15505452668418,72.42413172114712,83.23135392459113,90.97857519279803,57.04656892186392
73.87143984303773,83.56233706164625,74.99768399173678,91.5184587786818,76.06695050257748
106.91882849692658,98.93572668862271,83.86939661882778,89.15554056268314,90.98659337587007
104.29772992415701,96.53196071234154,96.691022152604,100.34989914222115,90.25839346610057
77.46441071961891,99.2350215234947,83.15196533929709,88.63730897087521,98.21205942011726
99.89311341567466,101.35110192154796,107.59394853961409,89.53773236599766,87.84543052476378
98.76975672978331,87.22693283357566,80.97330879036049,94.3717035464146,99.12001178088764
96.7412668975202,84.00871432616381,93.58274676581247,107.5684055529125,104.54608318728354
85.9511324873232,86.4285608719095,69.39500402714575,88.95068142756715,70.86084286285022
92.5221884947808,98.06804941309395,84.25612172300258,102.41022964810033,92.10026397225877
65.57412194838784,77.57729092223498,63.07024020691206,78.00426863922038,52.14207854828771
96.66751390600126,95.73981397425493,79.62172283035395,93.18322359250853,104.12606213026902
86.0601399934952,110.27093815659191,99.12191972306194,109.3339315030123,88.10551006549844
65.57951830209858,100.06601919578668,78.91369419257134,84.04341668079373,69.79823616412222
95.16088670148908,101.1671209117833,106.05858984960238,98.54998757285428,101.78458733616712
94.78110363294292,85.75087890188314,70.78445760672611,69.91996884036641,69.25297311359664
58.647228436984065,69.45872574635105,66.01986721708157,72.70505381789343,79.74737623602998
92.80745109666076,114.63442250924196,96.5307041579255,102.36014149305751,88.63992283727261
96.28182231002188,92.58720867109305,88.03438564474484,100.8092275305456,105.09615645560643
84.25299887500385,85.10566077589817,67.60301481820568,77.8222127256965,95.96181008158514
91.17986545718995,96.41137680251427,86.58942229271632,92.07070677213326,86.75598397366299
84.28070066331115,92.74318363120327,90.71225947164376,87.40634823304715,105.95164072391665
68.77310963241423,65.78994158811787,72.85727709021872,77.57016169393282,86.93540747145552
90.93286349927021,89.40832772179517,92.13060268950612,102.58804724486379,97.29884548013285
103.50023099907662,107.71755026322339,98.59495536507268,105.25683633384615,99.22339601325037
75.2953451119056,78.3108074665125,52.787653238856336,76.8987680446199,78.52336541619154
90.6542191974608,90.11689070327053,77.53937959460997,94.94607142903811,87.33182576726843
103.65397842804008,74.38922177076796,106.94491771320644,96.8666055072996,93.84842989354995
86.22162866265762,73.32473100572967,91.37977047893075,97.02587852702511,104.59638096232051
96.22087135493959,99.30045445401076,86.64434650577105,82.07633162934557,75.27736100064226
77.64851911493375,74.15802872672222,80.76640426588044,86.77647393767678,83.52496206623279
87.27389091914316,97.271733134875,103.84897581561683,82.9276036463414,92.32316945073723
60.60374455336182,82.70682671053854,75.52740903002518,80.78829788006973,94.5608463037945
89.09387247436227,76.52085274323676,75.47824405604725,81.22230833759119,75.62753995726764
81.02147177665736,99.03130358550904,96.16870285449332,101.12845916339063,95.86147926686407
100.98472523436708,95.40272568004823,86.28769973116052,96.08511636976792,104.55943028189705
82.93750962782448,80.00560215227628,67.29663594370227,79.07467457241144,73.10946113083071
96.64162594266143,103.32822275945557,89.65748885199756,82.71716166011413,87.61249442611033
93.67744476079562,85.0929855898816,87.72213290008472,96.4258168808894,96.66450193094173
81.58188382878372,69.178082371577,87.41224175535638,90.64916420537158,91.4350179014354
88.12462271190127,83.51927997157495,88.59204506981794,83.0562475554126,85.27737261318195
91.38844396457446,76.59518902132957,74.89930699269587,70.65704862157556,80.20964216933083
112.74160664108558,101.12986498296945,99.70243556367349,107.65400085167835,110.96613171280134
57.33892646313736,76.34433162886718,44.22349350378802,70.42619128874426,71.49719832099548
102.73187570210237,102.85348451651603,87.9166173257673,101.16420903169181,82.60442195134739
89.78900444356456,85.40256332786475,99.97661697300319,102.68882575889727,81.31617143433168
85.1150839846883,97.92891679235773,75.07569122054105,87.0776523978576,67.9190587736658
91.31151460437627,88.24703358379391,86.46953606720498,90.54200341289872,87.88639298952376
89.18514610782748,90.0609741204788,92.06677834255116,94.8521027107079,92.0244640593406
83.17267882978079,84.36283333627254,64.03941092907777,62.414156403409926,81.58369921437935
93.6460245315229,93.03806491754136,80.89575916466315,86.24275500758262,97.85738505794153
83.0001723986373,99.57080425554453,59.55301292859004,90.80365982352548,76.90707506342136
97.35647752471677,91.14089561057024,81.23648925393948,97.59027620404997,86.93013737402862
74.20878590704429,53.249947717550604,73.33033497773282,73.70455389650904,56.32444366117421
105.70985565637822,88.40238184166007,82.26859036828479,99.76372755682453,94.01665149427471
92.27058569045755,92.6518487772223,92.97869971405078,87.86228274250252,102.9141210639913
94.37332520351299,81.10146486455568,73.52440757693418,77.8325255679668,87.79384795630004
83.14621756318188,72.5448378984214,79.58131874384952,91.78951855612613,67.71673358615125
107.64789311660758,102.47476980862777,98.59862331497597,98.31196313575715,90.44120182466568
94.42339325644862,89.8596726627877,91.69180873617212,93.83409303694636,56.74205042255801
96.01397379204381,95.43704493738612,95.29889872634583,95.8892305693614,91.35210915535596
93.07694742430998,81.96561187969426,93.79854973368634,83.30456063104404,98.99285456363688
94.49569971297053,78.48074261727912,92.70120502519336,82.15789837205352,90.83249566571158
87.86507810568095,105.43976986089717,90.6718775163675,106.44533116339775,95.9945704700346
89.65132329269308,89.37127976219784,85.8921493877006,92.62177132542448,79.74063575584184
101.03350282048577,115.8017076326454,104.73219996905206,96.04412846404576,104.22668996340757
68.1849061750757,85.72232229444062,63.6529126055153,81.35269603398913,83.28554119079192
107.99982239190643,104.20124813900674,110.224908889821,106.35272910336357,105.54963041701602
79.43572126095114,67.77764780771427,58.795177749359134,91.17827676578553,92.8021549204754
103.66007875082634,108.70992982667522,107.78656932578745,100.07615248459625,114.45773268946063
96.76289606654305,85.81506472657198,95.35455764009441,105.35534598606358,83.93424673490004
63.198369550126046,92.0123616172891,77.06840020350084,101.11246205282293,79.47577450145674
77.53733573192571,84.1898151873205,82.18771414511839,62.471177974557854,88.92923493499727
48.534298446537086,45.44917219284551,71.63287566371255,60.48378826034792,63.546965719061944
117.23645456617827,109.98308221828766,104.10149822421475,111.00183851255699,114.14610976189789
95.68324521203363,100.02786173455249,69.45375672817626,85.30669365377243,69.84343354701173
99.36283432395133,92.93807872704201,103.75964787607629,94.4390990188537,96.44494280104895
54.07329400303057,75.12408078793818,73.77174667140511,87.78113454662031,68.23958542207112
85.67811251964396,100.55274369415451,84.45176837639399,79.21527694395532,95.9494024377451
90.92112808956324,92.68003989674341,77.24261603583291,89.50719910074471,97.91334144291581
107.19708654969233,84.89147902692328,101.56205222526701,93.72635128598844,82.40570818216115
50.52844468783336,90.2415067165882,68.1267252433925,88.2979838062448,67.42579435601387
75.59478727176332,61.79098335720227,52.42830752929031,91.57983037750937,73.43251816725206
98.52187721671461,97.47821025253813,91.83328406151537,94.50917306264975,91.33408596175109
72.25914434763524,92.1137152577741,80.91256937847902,94.95200420325394,89.32863630411327
95.14474772848371,87.9893835722109,79.50445912683976,83.80439202973595,81.70228619489728
92.80977170890401,96.05966083310834,91.937395568675,87.07578591531329,93.61362012433564
77.41664298711923,78.70949048204294,61.61465402308776,96.01510367363147,94.70089524264715
74.7270506696603,83.44479676196505,74.6114868786234,100.09827951225185,90.15823322832343
66.94400807519156,59.14732146643251,74.95650435768151,79.52121725361708,84.5493415176046
62.78026178693969,54.05091612123021,72.27973040956282,78.82826762223846,45.17590632267294
104.06224107978349,112.44809158945928,107.71024152666826,115.15200003747326,114.61081613813705
89.50210104424005,107.62269245734221,74.78315345934668,106.44730027106414,93.06476513916205
89.18050418446246,72.41421870497523,66.02751639550557,94.24069935299478,74.91924282718955
91.674776326362,95.3622985979023,88.77008973060263,94.94613972596149,76.51665026002945
100.64267747470132,86.88326475837358,57.84150885269251,87.13901449956654,92.41375081084148
75.063428897755,84.99722387409726,69.93699903975234,66.8633826844265,78.5916214405079
82.36408056163064,66.80674704382804,69.4956420393185,75.1687329022363,76.17325233422326
71.59752032067867,82.65605468893699,71.66730711300488,91.65409470283409,89.0509497334488
90.29456575101989,78.39755626782214,84.18917804737825,99.46845950024846,96.37769947283016
93.71619448571604,104.81308203494017,92.42366696990462,93.46703011545853,87.81650865428169
113.78912875474452,101.3342153741446,109.37417420409807,112.74594107249584,109.95281664088047
93.57745217424635,100.93933673451419,74.59655375561566,95.48082009903081,92.65717400772256
77.81501281219958,92.16141655865144,67.54786191564217,80.38883291295035,93.27242839147056
66.99998302218626,88.02993306173775,55.78762786991357,78.54365513091105,71.56981161916413
105.2090261292822,102.41542310058016,98.28548748063199,95.07699222147238,96.36238044947618
77.16808205462772,77.60204203199858,54.63905225522713,74.76289068896305,65.46846474711754
62.2996963383802,83.55138076703942,70.45404174106123,77.95261338351344,77.31260029662306
97.5990623302222,68.14970180976378,74.25541078947799,85.29469916768117,97.29617245843274
86.241143524692,65.94449760658001,89.87283370058302,70.57536585799389,55.33309865055549
102.08940823863782,100.76518031529797,97.71458922663524,101.62627852616633,102.41087887373159
69.6455371378564,88.68303600435387,76.68703260868119,86.42915794095342,94.01627057318713
64.4582346645325,98.82473716572073,76.10160595187035,85.05640937816618,92.40760466784062
97.15050670615211,99.44596373203758,104.6936850756659,99.97623914658425,102.65415063817314
105.80525168740749,101.99584120574822,111.98878804213228,100.90844608240724,112.60025288168899
100.12592047572988,67.69600896459018,66.97649925596377,99.39502196529736,87.9360859629899
82.83101958750186,84.02756079521315,80.84968032359178,104.74031798214861,101.47001360474755
70.49771555144936,78.75363975825223,59.24789693476936,79.8711806924777,71.33596651611794
94.5345240529062,99.78448900513446,97.30567933304286,100.64262912888492,94.0996928101044
60.496908328663274,85.53662688432507,85.74703144927099,75.23952446210734,80.2617715118744
105.4125374001509,60.0009969611509,91.54629983550528,72.84522619386347,77.73405371092504
86.66889419757243,94.5323541231219,92.52781992593866,101.2024769872242,108.92861850624195
99.20040062672655,79.80306639897063,88.2536945502072,80.57257833095547,64.96831125359545
92.94192105734021,85.86854668048888,73.50439493688681,75.98543086672574,82.70594032403345
107.38114532669698,89.09321040224054,90.71590023762809,100.57540050057744,99.75868626709558
92.55543142974508,94.20262719768708,88.34303013540496,90.39532415311619,90.09853531331852
83.29443823150606,79.9407168452498,86.86181062513688,81.30789720228996,81.21134030362427
80.6766796976261,76.9688963894785,70.1977143604511,78.30754161597505,64.01499150068851
100.86917133993846,82.63253050170667,71.61320041314642,86.16291347299891,72.15728302366819
90.084492440179,92.45209405427408,102.87077312330663,100.13734615104914,103.64551773814173
110.71236736967201,107.72120955789624,108.0107234750516,111.86575468389896,118.96082612356662
89.84721744190679,82.41482309800412,97.39051111721739,93.01648111766987,83.99161730765206
90.9063390464595,90.45591109407285,76.79584595942907,77.93766033140335,97.6632132050456
81.95119779447751,81.49938436246146,89.71549498619058,92.23719492881578,91.21613457866289
96.28682394137813,88.96821699967826,84.36854914389282,90.3113816673815,82.40446142388373
64.69339556766775,87.89902449317933,68.83373751628561,68.78586382457851,72.59923450744543
75.02547179127087,89.24293412279397,66.30389764243053,94.43081381855009,78.11745566600496
67.0832760423539,75.2414455624476,45.15461723380617,63.241895070990665,56.842271014515006
95.05818661851893,77.82494559341777,75.81457941163019,100.17156517435389,86.33995115413322
74.72964816959865,82.72179259040011,72.9455004428714,56.91134449273082,71.24717427680842
108.21445171244123,98.1789372452639,76.07440611953682,98.0553389033745,94.43009091508824
75.44541953078509,46.665378620321235,65.44854838787342,66.20112232982092,56.474356210567834
92.87850024545705,95.69566451145022,87.42803519881693,97.77249258581688,57.67972068544888
102.29405447322527,106.441715945515,76.52771039200329,96.66001212960863,103.68521654729615
72.1949899791982,98.93636500540786,79.55775943250283,97.31860524826278,101.68009928634089
108.61619220734548,105.38404348644525,103.34739566836924,114.90636885659195,104.15483401510969
106.57285327424117,109.04115948563651,112.23922888219616,115.4485602400097,111.30627073940906
68.35827398964277,86.23224865724268,84.51429668562646,95.96196346042521,90.07646048672603
105.12370921612788,110.87821720949455,98.41426575242514,90.98214760363193,103.48688096182731
100.5241158134546,97.78565204182362,89.88582120032976,100.55145015608642,101.19504061355461
106.94558203461551,96.72136950645562,99.20897000921673,94.64985160089992,102.52809698738814
86.61472709078414,85.52037293189723,96.8997314445624,85.71405640218967,85.57320412724758
97.53663857457843,101.56222172371865,101.68898910861122,102.55466326718182,97.61201386873927
87.87865802810715,68.28406724720004,82.27592988948565,85.85083924088514,76.91222371464431
76.59219974824708,84.02922359995729,65.6675014876403,70.9565448195805,96.68788894799307
61.745082845486195,51.57803089641686,43.763863885398536,79.56710129708249,79.39945238612651
95.84783678256899,76.60780295743362,88.40176300175982,83.03635957389601,77.4119027684338
62.27522200739979,85.3861669957628,66.16024457963125,87.49605055399616,73.01877744500219
85.12927606139327,87.651637557725,87.28181291296521,100.92372788409824,79.11220945058673
84.61480512247677,87.44954604664495,98.29404127087062,74.27157322736039,77.49022651714674
106.06797762254998,94.57094248310264,91.92515065050509,110.38019380318936,98.30332402757928
80.27592805685461,86.33855475511086,89.78619066840757,92.64927040635807,88.82889347653776
78.49631921616448,75.10373757067676,74.60480750880603,83.69384403575509,74.04456614856332
96.88265286744868,90.51386894623204,85.69791014306706,86.24278141912673,89.68031134730401
89.29917509478415,102.7494486184211,91.2494356240258,99.97377239080087,97.69898283570781
99.35793791759274,109.25310092033934,99.99915313297896,98.96993499480985,93.65836369789876
86.35545838137766,78.64003391311168,77.78224794718558,86.78167249406374,90.79056377838691
101.53955459736784,113.1729209245791,106.02208332825344,102.46041048152588,121.56393513158461
95.58781609249078,105.04175574349004,93.90801024739687,93.64909288205375,91.53851827217632
97.78444641302255,86.82626075272643,81.42378568692932,93.88270192930182,87.64458610550659
91.47543100292764,76.4139670496483,79.2178553397934,90.1288156813412,64.52733159031669
92.86159574515032,94.666374405907,95.21894057283484,95.30203440143805,64.33317124102514
88.04205779358104,96.13775621906248,76.05524465222076,95.53132254884267,75.00500340910531
92.76021998770895,102.24253193710169,91.89622380386385,101.05677069615166,103.81420399739136
103.88929113055403,99.88643503933352,84.93017393953825,90.3089722001834,105.7998255598582
89.43084942985321,92.07266883428335,82.71121283864152,101.9090956399443,76.96924700679816
93.54107809229079,105.41671290242002,76.04066610594543,83.76136143110513,93.56307736828957
67.60889399656888,77.6172676080009,72.81382007848798,79.16488901973523,73.44359153233671
79.52796784809482,94.96023859156438,88.81307929329589,103.09223114195579,81.17994685651826
83.56246103818503,80.55156523477,46.393209135967,85.18799472395247,92.93636142992133
90.41256797383238,105.7071741817349,90.3356348830411,88.74917106616977,94.16998072529955
89.55346616835608,101.49801242004597,94.50094397103179,71.81167194695787,92.4846884711881
91.45876018826091,78.0665746820834,80.8960152631077,75.73141984338963,82.20302418968406
91.85263102656985,99.79899401946835,83.33805720617005,97.62990355481118,100.84453215757944
99.93963981106471,85.3874235797005,92.97993219291146,96.01798684860883,108.01826409818169
79.97722740742132,85.28506218168761,105.00131360707593,107.25463899000016,89.75603045685736
95.60367635140227,99.15108914082731,85.05899840014335,113.73308947081317,98.68483255591384
88.8138145086617,80.76385331996843,75.4842993687784,96.11012707038242,76.53720953962777
81.17862183245721,100.0389465091932,83.75344342973989,95.51072786147692,112.4820474324367
65.44804250194359,54.45606368684915,65.2679993289671,80.41355853252792,74.26956611508739
95.4638116349448,71.77399689721884,82.97516875154807,96.38987196383147,90.13646861858703
114.0345671748369,112.514086008069,94.27102396981785,102.46338853364026,99.11928848331158
94.15100501687795,103.36516576630225,71.82722337136171,85.97991538775676,79.5212285135733
91.874374615253,96.52684884060403,73.87790706268069,76.12256001870239,90.81184487237637
84.20736410956903,84.64667339016178,73.16179782664267,75.07018931463702,86.56180974153223
75.31310163169204,90.28898568572974,71.93933545657514,94.55913904353623,94.65361864334123
88.24543909793381,95.50562053748195,92.36200612132652,108.33254683880743,89.11982826469328
105.49598816054197,108.37541408543707,101.89671501392483,99.36893101213846,107.56192002913942
96.85173461747813,97.22353933178579,88.77458983753395,101.86769256188323,100.2413900759019
84.62490573216097,77.46948418478054,94.47043350675098,101.98394185760769,88.16152134346724
84.14082137799505,75.59585069512875,74.44875884075746,90.36066040051205,59.752037199146734
84.82465704223867,71.3782311758092,76.60847914865342,77.845265982216,61.69664886911738
94.22125734778169,110.78337962782855,93.24705500061813,102.2024751411553,105.55605745195402
80.6486870321234,70.58724897965246,91.18173664141251,84.9448613093371,77.6017323168523
70.80468541336919,75.41462499717699,70.79245917901868,91.84191194935877,78.18705981020338
97.1893037494988,105.31154049866677,98.89267159196582,110.79951621999403,108.63988679912504
74.04800264457985,88.50671983868864,68.4916390996417,90.15738945985744,81.03833534476625
97.52089095333879,100.19763282200395,94.46867382693273,83.09941419108954,104.10116572868495
78.6484205023484,107.9298241122887,86.66862761176864,100.44321478158636,93.43195716522321
101.00876560324835,104.36822593935666,82.96441959818817,99.49944687137689,96.38562002833358
98.35344452498246,102.89743466010714,97.50383894149307,93.79662210499761,101.3075824853045
99.79632061156734,95.92621898986705,95.25786396892234,89.91817271395269,70.29559440136934
92.34719948668688,104.58501436977193,70.1215810763072,101.9700426420057,96.17899887051357
92.85295127558051,95.16989659867207,84.26918263115083,91.87983750121067,95.56784915983638
90.15043203503194,88.48378854945616,63.20705203742804,91.87288687241465,76.64253809719081
70.05258151404523,82.75802634608753,64.29482546522456,89.0885942353106,79.53721391048217
89.25991089042172,88.29344964716155,85.19871030525579,95.32751953914918,103.64242365791388
91.7366778185727,77.85845262127829,95.4768603861648,85.74721429116639,82.94551007058247
106.73206052295299,105.44459117311523,105.58323000458844,95.28680253327549,90.80273661417235
81.75775606146392,77.00281317852068,70.17176283930743,98.86245349483376,77.396230306415
83.34827247342744,95.52888246872517,80.29534183156976,95.07264866156909,97.14915278835295
93.5053618349576,71.72841738020077,82.49429337467316,89.9001182886815,98.98415750276429
97.65055389070987,77.97493456197375,53.323333271058786,84.65599980440017,68.43883124364282
93.11418980431877,99.84079089228425,92.61483861473906,106.99224593278608,103.4196966609023
89.80061342234045,98.55511600389644,92.87674971552778,87.54134151857401,82.83089923880095
90.64269185686001,106.04859364203247,96.06032543935635,100.79404700228133,108.47817933755496
68.16542796071492,87.3321147204791,94.9811692490309,89.59139258547717,66.5896270259752
97.82456947902403,81.59584474294694,99.62767603813596,92.14053133564904,102.45486671067174
100.93486410837713,105.95022740691434,98.32664009349662,101.97898423131593,101.64268548544312
87.90852251153599,92.65279394725812,91.74392127394462,96.06496080560873,81.46139891505395
90.7265716086887,77.92373454350628,80.3775837834798,88.4577371153406,72.21199678967868
87.6977030512795,90.23640881279904,81.11189231749623,86.06450685413758,66.01513150574232
77.24133596621509,70.11508060547227,78.83434589157251,92.59363574474128,76.91168279884543
114.72488858960915,116.6774322404404,114.43117702265945,113.05484667928505,108.97354844183147
95.24229501701878,94.78500215967233,106.29843580815077,89.84990309869775,92.55342498900622
85.34215045098246,96.03517980969308,95.01990315903214,81.71811042863591,76.7147296244304
87.4369363866135,93.6901345178293,94.74127987730719,85.4343199622655,73.66697928815739
74.73205018662455,79.02365806112775,74.90944304098376,91.97871820512503,76.5839056379657
94.71181804023695,92.32683258264827,89.69921257713841,99.21304240557944,92.32969691948512
104.88835050455378,98.81381849356517,103.60789990726295,98.99958912763556,85.16643672074629
85.10193020342258,86.09632865714379,68.21315703540198,84.52562737057517,74.3705009107771
78.26751278002561,78.6066922989027,86.6412249089281,68.40339376550618,73.83627790683599
99.839777866164,98.25749110014506,93.18656151483123,88.32453497733606,108.42961140920873
80.93372512228508,81.55384151213471,81.28722373747962,52.71782108692763,64.66274204247956
96.302549569095,88.35857677538004,90.39516803911103,81.15355869503313,78.88892778938624
79.18480036095379,73.65819437442136,74.21472523676684,82.38732565230477,77.1397814813308
99.65260815964248,83.93684709930788,76.6234876119429,90.11254677077886,64.24708901475468
87.2322556491002,95.82476901147962,88.31284926334206,101.39725200119705,104.06220015120205
98.13513834499454,109.40737155406944,88.74687953286036,111.46198363685774,91.99779854082563
65.50363924783663,65.36399351520224,80.32728935102469,75.87511443208564,76.8887615728429
92.01999162026726,97.739509203884,76.30211318690523,99.81928487309567,93.84726792510293
79.04146364392138,84.17568895034988,63.01173277503797,66.64945598652403,58.127729497317304
99.28663243236186,102.82692216729896,105.97781516531465,104.59153521729071,92.98127500656109
95.48162511451231,90.55633987827623,95.43304435551234,89.65757937688876,101.87702864442286
101.66611974837727,94.47637989326503,87.23015942574226,100.9313094465253,84.94579867820889
60.71343435868645,56.09349121774574,65.6627544766946,78.76075553394656,67.08203856629727
103.59586708462102,94.80703224220258,85.52478582381738,98.633748934543,105.35166329123545
109.85144868076148,110.36343689484953,112.83235004296594,113.69468940390837,109.50665243190413
90.97339111990578,58.50317031909178,77.62742652270639,91.08562581156251,90.31275343909404
106.43231537314378,96.65425634568815,106.46722748137786,106.43027877257941,99.55641925066153
80.20782708250817,96.5172298688116,81.89016519409817,97.86190300466626,77.68260752082014
72.7817637142828,70.57734406407637,68.42467935677061,70.20405815650868,62.712143591956846
80.50896405980062,97.91681644882222,90.87280051313388,88.77677487748008,87.64128734395328
65.8901675586985,109.12837002757405,76.13338701654784,90.5608748531652,95.93960718944807
95.90311395248702,106.9524776268317,102.46462218620512,99.8460605640257,101.55573834905445
71.78810481029987,84.85940723173793,87.27723553086001,84.33621915918263,85.11672993779446
99.079995285331,91.95028450869901,83.41381313414844,104.05270950276892,85.92966006575118
71.4909700131326,66.72742995548951,69.60455825206212,79.95239421597245,97.55312051390095
79.82586119716017,82.80731255451114,80.7610667088561,79.9250346336637,79.53851838738002
108.75930413103666,97.97271926617789,98.21816603252446,107.44443553008915,102.10969487951148
94.91511652965583,98.59933514438572,83.31495360438754,109.71580291462661,90.88836089030994
92.71410607988224,99.4648607860659,104.89506847701357,113.13183540510603,105.6740510623582
80.94079452807833,97.30697052070744,100.13395435584668,102.21287785968188,105.15762763439002
86.3781820158033,74.28461155838396,70.67524127687415,79.266242471286,89.78392754916426
84.74021390601025,69.7065908938459,78.66463226979546,78.83523199242866,71.05513003960759
90.6520676501875,90.39845072432223,80.88198386473447,89.36071806079268,94.14010783870346
119.06981009721153,113.43734895751125,111.54705093219505,94.03358238212228,106.9467822291148
76.08977414872601,93.73555352000731,81.43958876457185,106.85851446590426,72.96931453829225
86.49068168360724,99.35168410507177,86.05850456112199,94.04627366366225,95.74028028240886
93.68720318276338,101.86717259013378,98.01795757759277,110.45878217348854,93.8347408220396
88.25087241254174,80.98035623734737,57.1230201913741,87.52286030295247,77.56616783238309
94.93045845550898,107.48838821458173,105.46982598569495,109.19964464433335,94.76896130625217
89.77597173972548,93.96755114537102,67.46171519957662,92.34594783702059,84.13725409090495
68.33149497298399,88.68351711746077,60.08021059963069,87.06500253002358,86.16544482797032
89.64168233119914,87.07096989843096,71.83781907376375,95.38890328326988,88.98214074583461
95.79586072718902,88.67950242047347,81.82489225125074,103.2042604944138,85.32402725498935
87.96579207187786,80.37238491869492,81.92924406593265,93.75160387055081,75.5774489288338
74.4098759520634,99.29335450341416,93.94912680770423,101.12803029282813,103.99004596867914
104.46262981865775,101.04375220586338,91.05357749245296,105.71609838109174,103.98379878796517
94.27841068296809,93.56644703775984,92.31574092745394,95.24708538636595,100.14496593144321
86.28756776351646,86.97129328801353,78.07891521943195,85.34293156977711,94.88041553915612
61.317500989588005,73.07951315477322,96.08360277483413,80.24046189509016,76.16060083063071
90.15990010194177,96.23557285907044,92.740027782223,78.92858785096138,103.80193101591026
102.38335261995405,94.3195839507667,92.06723073620931,93.07331613026882,91.79116763418462
98.42418403887234,97.89832449624947,106.24332034647158,97.32269091866752,102.5139520069214
110.42429071681788,107.4825994892065,106.62194473514485,101.98744283548022,101.5065695866992
92.79134642228087,79.855944441228,86.06079758755682,93.5794822297097,75.45824073553439
93.14192697567758,71.60709692217704,91.9601387249744,76.02418895282096,103.58375904011267
94.62242231604199,97.70833344697606,88.5734971117656,95.57182453674314,92.0884965705978
81.06491044616362,83.21070127354828,80.33762944264215,73.86207411280526,81.18435473280462
106.85055379552274,96.94368200552864,98.59056290049209,107.6732187938301,104.74748996835852
106.77212361737415,102.59795024450763,105.00072677965012,99.55951323704724,99.41238505868586
104.85349851130522,94.245544915795,76.3700158611578,96.74318282572806,95.73865864791918
91.70648458888988,95.98197259160449,95.9778412161615,102.92336201924455,91.9164812907291
111.54043002538668,107.04522111669917,94.60468076103412,112.94545402887273,94.38111023435266
105.90275043108947,101.26524449748354,109.26944883235097,114.08455759727602,102.12366316458427
103.19117145609944,98.82719296910311,85.98965395493217,98.9482975537531,99.25198120922944
103.00413415222782,92.8253945550811,94.40765117799982,93.6436265237692,94.77268321203186
74.12047034829523,37.46674288712444,73.37101790529475,55.45337727436712,40.12399297641059
98.68196021318944,100.38689863242202,87.48341382747824,106.85385966561695,102.64263363433791
80.75093696716176,97.6012138337214,93.57947040194924,93.3417235580295,95.19561243741455
100.20794872127237,107.40783364829016,101.70309515727573,89.42004059519007,98.93796151621912
107.27547746146752,77.68230515598259,95.360210043607,90.52774890232513,90.22611034139048
97.68537142676978,93.66150641440309,93.68826590791262,75.38490061809502,82.12705061205997
72.07871793897226,78.1293564534185,85.73133486293096,102.40797464052824,71.59875980360667
117.9856800277938,95.68368710229092,94.7203931515681,102.43135509675719,107.6715412826454
99.36220416249068,86.56200531373253,90.89220946363318,87.41595574888257,86.61697813740562
102.86263508365725,86.41004178033631,96.76212518401313,90.9053981191273,111.10846951904874
102.84043037198519,106.58545565877635,107.3573754956355,103.5460583621197,108.95058528882628
58.07170517131224,77.58719192858985,66.14735892836266,58.59012588287648,68.73511638578971
64.13253860730435,72.13794804309612,88.94711720619075,83.46982896598635,82.39309383712614
104.47483646870424,87.69417134200386,87.69675563238482,100.03417751282015,91.54304681724831
94.32940954585716,111.0451842440108,109.9632165865119,108.02259608045986,105.97150701232373
98.56244502162866,98.55803398391433,104.32884880490639,100.45989008522635,97.41020467886996
95.8545786730667,52.75694189822793,72.00466519532695,79.17330971849857,98.38210271922267
63.7208795378601,65.93767390275073,76.0759673465591,91.48809947220244,84.22506613447332
94.64468252470515,100.92501380906498,87.63340469746778,88.45225326205832,99.52141004767918
72.6659124963348,60.23357763852666,71.69795455025665,77.78425710748866,73.68772420391116
98.0331059066548,87.5474012394733,94.25087558888286,90.56527452617867,100.98907238929087
83.86170309754687,85.29734425962863,58.19321014385566,82.05979945430691,75.27990738285928
97.85710519485554,106.0088285297473,87.38543864022888,104.25722029466965,91.25241584731347
39.88170726860308,73.03633277491191,42.723121663415405,74.87407122586957,59.49882170015017
95.00853656945478,77.97678546588192,89.82849974097743,75.53394871143794,94.05690244663246
98.3140284893636,98.28664062745094,91.9733962651547,101.72456519587885,100.17592641394411
91.27386779041595,96.16162044095887,77.42139725674711,97.53015271089595,97.49904959256102
103.74604948730787,102.89961514721126,110.57975914924997,113.19814722156053,102.18202939949249
89.1335778800777,86.36259993568265,91.53663319595583,76.54488531965548,94.80471960449587
99.94380829135591,96.04807749695212,102.79177865032372,95.87403053686964,109.35945672815993
87.31166665825494,71.78267948444966,67.82723175570035,69.51996245273949,72.81181149249704
108.49711198614422,86.23239821295101,89.9146326178611,105.30614541807432,95.39855421580549
89.09650261048243,94.40542702117688,89.13433463401891,99.60120148865676,102.49018797113767
107.35631899265329,93.04203058074809,103.48591009506342,99.59460232818772,120.23453844470177
68.91908877285933,69.87310475822704,75.24824022066088,67.63326525516959,70.78854394018177
79.39999907924548,100.3088380493084,75.02477052674679,91.47323317891738,76.46239930166308
83.66064831197781,74.28525586081516,86.17648979907572,87.1399043979167,87.75540674835416
88.55915372654565,80.96294190167798,58.63814162567704,86.34466486705932,75.26865546149786
76.76415675819959,67.47670156655147,61.22336834138291,74.25520940704477,97.02591402580444
84.49777626693471,85.71773962410423,77.85650207490121,83.53621088429425,66.31388641661914
103.52705712514177,93.8547344580982,65.8993545807849,87.61028481084354,104.02649681166147
102.74890219661052,88.44122381690082,100.94351217142913,85.94386202857969,75.01889507870376
91.1860681664158,86.4201759351154,91.03695880997213,97.58455747843169,85.61639190051706
90.34292747928154,97.88403154165523,77.11445026660844,94.33995156243711,93.78777490377381
98.50123136867929,91.49422244236497,99.17926316974948,87.38102082985694,98.47654341634215
99.70958967982845,94.52645401743436,90.56465290864449,95.3235047157889,101.95586344915095
89.72104791798856,98.88952951792889,87.90667128374481,101.51002326541212,97.44640381856854
88.02221779599678,93.8016086110099,88.04626196262407,106.27559124050742,82.1505447843069
105.59372467652456,90.3806477922115,121.5387247992076,120.1832990162389,89.0741449221851
84.22803379853481,90.43060230553031,82.59425506235466,82.26502895949749,82.5900014456389
103.26483388842082,99.55233961308659,111.16728519773213,94.8662245465688,115.91114993966882
101.0221418807252,82.83451170773357,89.52613871540149,96.29832072965401,61.118702719579666
61.708225645589735,92.37788528758641,61.538771312837184,94.55813487754193,97.15645113088624
94.48782907467078,91.55131447316901,98.20112972293937,93.39846437022752,84.93217774220247
82.58431526863056,81.64713274754219,88.36212604021203,98.58750853050196,94.24150078384943
94.14013878284483,101.24627009461635,109.84275178439879,106.91375564212277,102.9998509867836
92.42726871658141,98.57419835094981,87.74893923801372,88.07844832689241,85.43011615943573
76.9686871234085,85.4534492602659,79.36697416915615,87.5946065816136,98.47888507953701
83.89878015032812,91.12583920547343,87.45533402613107,94.61088371294662,90.18338590022913
104.66043287093858,92.85920040613424,95.7177881969578,102.87002374435308,99.88311724884197
87.78356238270713,80.23144262366958,56.80370006528317,94.11270171456812,82.74662859957843
82.34751594002617,52.83300535924684,81.61749753123227,89.067759704196,81.7650716919397
105.83034694393122,105.91703263192746,89.2602931849132,99.48977775225637,107.38609618945549
92.58299748898168,96.70618188183865,84.62581559174791,90.92287904604753,89.1511738872908
80.71819213540114,77.32900217189597,70.01631772557745,70.11245203898407,77.0775888980204
92.36948228454683,87.32378966916899,73.43411891776464,87.85888940494496,83.8265945853887
106.68972762408565,102.09637568354792,99.56602797196163,104.92681185195579,111.78864115539459
89.80583198898059,102.94409976103513,76.19733687942531,94.62608970635253,84.04571765884548
96.34883853780437,108.1247370536283,96.8857886628536,100.38151628685485,98.80798588911146
80.15258561292657,64.21735208163886,68.3995600753628,75.50596505922485,83.91380791518888
72.97139522655532,67.24255932726518,56.924188307184615,73.49601152316612,64.74022443693516
100.84780789445044,90.66691610092663,100.94513962451744,103.91661441323996,104.2600631346863
78.78387016220573,95.51615618664118,97.31536892309666,91.69817000104317,90.50390876837125
45.53373013775692,75.83715205879601,65.74044973959079,70.85640379088524,77.83763822198934
89.41655678920637,93.60800003586134,77.51843664384694,88.48889400653017,89.19403984205996
95.56818451927379,94.80059579122916,102.30235385020023,105.50174896210092,111.79785242247418
72.36929586888512,68.88571568770745,76.14899621261557,71.54651175684353,80.81572361433007
92.84518737028277,95.99916743347877,54.187773770466244,95.94616139174414,88.1621854080349
91.0387057339473,103.20592101078473,78.34573473801962,93.43392832361913,65.95855077792072
95.17711419484283,80.38013159774002,93.33990531286912,97.63800919599356,101.10266648011539
94.70747804708894,99.19468321629225,99.32891344904199,96.65573858606459,100.43026446142106
87.3959531829166,105.0686125549297,100.49010563340133,107.81714249285051,107.39416281480054
101.58487062328516,112.49852461258884,86.3494422946748,106.35558264301352,82.67968236331396
104.60955443559662,94.78064086509664,83.90515493351526,91.67647459750674,91.42598401506339
98.79158129426257,91.27205684017052,97.1065269785805,104.53934665832477,114.8898467618241
77.1136045184563,78.18472210466713,67.47085296962136,97.60822279660229,83.60423020369322
85.74118869306507,73.94008293253856,93.56711094104024,104.97513453626395,85.10437457697208
106.73107508656281,102.35843014566636,101.71251029555845,104.75348577110451,106.31335845326291
93.89168688331652,97.97936670005694,96.96956913200361,93.33970172423159,103.17006190801804
86.6248874043816,65.17194090233335,82.24559619567775,78.98101493558295,90.89068010570796
82.80578528849168,71.85616661028105,79.25155263475246,90.71030900147036,80.84284356141876
97.35170211666335,103.58603584141963,100.15954342202023,104.441589414954,103.08987185380245
106.80689067257687,94.71246627036382,101.7590736402374,89.59013439712587,106.89848297107069
76.0208118899786,77.9758321382148,56.61499897788307,83.48067236340209,61.44155001134986
80.11480717467032,61.90081022135533,76.49192681383748,86.60673106636227,62.47554073779437
96.08702216973963,101.08697634992899,90.48895458622754,91.8000449525379,72.83193650311182
69.80480914899277,56.4958001190927,54.73778085581629,67.52812306850414,83.8973062053727
104.47589875343398,111.74861912895936,99.60893289984014,81.62734469818886,94.51826640722723
106.03983620662872,95.88284420495296,106.92726705835615,109.75016479942934,100.30717074782059
89.09368656180538,83.45385375771274,91.20631778883478,91.56063560135813,100.05319500970496
97.56629579724786,103.173211037156,103.2194412893545,96.04298937878949,86.32984227074941
89.12249844057432,86.12059069342408,87.28922061936966,87.49217213497003,94.78320236919801
53.683625306956095,102.81954821839439,78.36064214031288,59.46574574441274,75.64995593949568
88.04454661386019,95.7589979274841,84.18426921647423,87.41577367232165,90.33932730118198
93.62269786589549,95.29811697285945,71.18706985563128,96.77728083044622,76.80905736640406
70.11391781582822,101.04329589487148,92.551951758497,91.92589204223326,88.40866819617834
88.12692598957383,92.53872760304321,79.31724859906173,79.63020588982586,77.63302570515907
95.03235467004747,99.58301966104385,98.52179538125675,105.70521595552293,92.50625500801604
101.52791592431133,107.31163588869259,104.61347640145247,92.1027193792475,86.55887503350426
89.80025834993887,87.226113357949,87.27730800884676,83.45549530683898,75.2220925765911
88.05430020738945,102.57374729832058,76.51385482117529,95.9084274891856,93.86294649039405
99.00839308556033,89.79327505769137,97.12296159714367,89.83250302988439,84.37256505743082
103.98187457732972,101.57774911450593,102.22234238256824,100.08665209295124,86.229035138926
92.84472134982619,94.99731853847013,83.9858800376618,76.92018006192787,72.88966138565735
83.26074680620466,64.65987454879851,78.57630722581955,81.96881228474346,89.52264103176736
101.2022547475319,86.46868449751703,101.59815771886663,106.93085278451366,82.71128949570412
88.90539639258071,72.11082917181703,90.5893081919171,90.84523764858449,75.75689034849951
102.01471933810453,101.40892102062267,109.88503244634518,105.70183201499697,104.97329109331689
113.45070583567345,98.82273597067734,108.64278878912937,94.67741605818935,99.85285939542722
91.68859031539496,76.05325841726354,89.73098964834843,97.67343910743297,101.60081220151397
111.60655950380409,104.02901133784272,110.50231287610337,118.85792230329068,107.92050632738935
103.7564488161125,102.72802619120047,114.57780941656522,108.48394133890471,109.68488424875511
71.93146924784698,59.776136351876694,40.097768481886284,96.90711672126481,54.23247438349913
76.5588779381159,61.6891294775068,78.75507015310933,76.62214310865633,68.55223269249827
82.62633829136064,90.56181719387367,82.42175509529596,97.77257510339807,94.13668415576417
81.34594851589677,93.56479556192794,79.19821666630467,90.06322137533397,77.57529621178111
59.5119654313434,80.48523512892494,65.98210077247899,85.39738096993457,76.04469191103732
92.7042429332194,97.53570154665468,88.34701471123786,112.233823955305,113.97557749038454
82.09399770790198,77.27658226623934,69.21208401107002,90.43379343798446,87.11491341901917
100.91704763191834,117.3061228053198,100.3637038036723,115.41869539993785,107.00212832699518
86.30071916260137,100.26016720578374,92.34606853374925,85.45132079588961,99.8380878055801
105.9486534472921,99.11453329218187,101.61263558442177,91.51526280317643,86.40402674296831
88.77638015404399,94.6616267950718,99.84951157801699,96.78047878948779,92.33582214789614
65.18641195268059,75.24324680486863,65.57055627745562,42.25259556114625,93.06243325194757
77.80020557978025,79.15886172259677,78.84155590712425,76.17601490260019,81.7263307957547
109.38727045675654,91.378068982969,108.93467620843455,102.21576384379942,91.81564017493287
84.01890519692412,93.60141795179,76.16242524473229,95.82782188432624,83.32611503141617
70.40175164524729,89.48999883803887,98.81592796966947,90.14381337657723,77.49643918482248
77.44754012671294,94.70639452891507,93.67497743203766,107.13163545190729,78.50631536663214
84.75536844328492,79.36736834020576,59.95853617792159,91.81666702096213,81.89713830215834
100.21752036867511,72.42003382416401,71.29002430208008,89.59958928529464,86.9503287405215
92.19612218470131,98.03422783333383,70.64572155311134,86.44154796228038,89.98112062830765
97.09558878774182,93.13510905122732,98.11919732884618,86.68563334703909,104.2305765584511
93.22289093553206,95.73439886492154,94.9155448664117,94.51247510128432,89.52402855208895
105.73174212321089,99.54468844975005,95.63244868023133,108.24894282738124,106.07513138041931
81.7150716368731,89.57513128464922,87.51545072253992,107.2397199567009,91.80454049349449
81.74240621939552,87.85012761750738,79.10650987013601,86.68488486018094,94.46405544846678
100.50140564869274,77.34738745490812,95.88467109029708,82.01287265567822,110.10573215121069
86.12189746750425,94.85641690137464,78.85001757347797,97.25316582951558,77.9503853984295
87.25411814160282,82.06016956565931,93.11746445346549,105.86366099384003,71.56966701860813
90.88936264415754,98.51632884820133,96.90686916576946,89.91013468796406,102.20645040136658
89.83811706845022,90.13076910727322,82.91602063979614,86.63054840363667,86.61398611423496
76.77736214433877,92.11156255836565,64.79716767471848,73.03585255168926,83.5438562511774
74.16981504255371,65.32376376088347,79.2175645749912,82.69953963223291,84.42294354132648
89.8896412013567,108.05261482854652,92.87084185786892,105.24511328497901,106.92768871619755
96.73444571774057,86.49151678924933,78.61780926631644,96.50698874095593,100.40551960723022
99.43793747271134,86.56321120972247,78.69909953580454,101.26034097528272,85.70490739965203
88.1026709237866,89.34151252024783,74.35609591332702,95.6840325156859,67.59115342115815
90.77284295705694,72.95071138451567,84.87679061119977,110.38555702076265,103.86463506261809
81.82777944214587,93.07394390073573,74.14897611176548,70.46812466723983,91.1730274618687
107.14840947871501,97.01522357387734,88.67754336684696,86.384864104212,91.26895986336348
117.56833688286157,103.53939899801189,95.06179754126435,109.23654786806792,102.09310023297604
78.22585184323704,84.85883913700744,60.41420606195273,88.27606094202818,97.73667719395849
92.87340352839868,87.95929659771573,105.03548598590451,94.39067454870799,89.05412845794807
91.61091886206455,95.86033760513241,85.03803115960402,107.35246348372576,99.53580504303288
108.72158584965507,119.2933251308944,101.4090029436679,100.63635201804551,104.3859267392444
88.29742834414363,94.36983618394183,92.95968725307029,108.29506853117276,87.33187618289641
103.49183013938426,101.89511528330749,100.30557820864777,90.91526177963335,96.40042630647139
77.65454829913632,52.081692276634364,87.60486755493727,72.34490105876492,66.04675105868364
89.98113884058336,93.5071106574899,89.94258860927897,101.35111474893253,86.71437416432809
95.19217076336378,86.24869891169878,89.3927905335014,104.95762282407287,92.17627428110352
91.05509941242809,82.9585852731372,78.00692147266246,86.10203358262953,88.80088623746734
102.34689305326235,106.73399936982301,76.81807937923602,100.6574291947314,106.93250602671648
76.84669416519296,80.49390817652989,82.12925677871087,98.03025551656968,79.25340230276171
79.57351230980579,70.35143483216343,55.47960180586046,74.44586694418913,59.94813353954892
95.89852895068768,108.80101549359232,88.21682861097932,85.78940053461496,94.21042975569613
89.65365119613291,92.1575857771326,89.76451741266423,90.32069554182958,88.73069350354538
92.7443755059519,80.39800682165324,69.5827631380538,103.2328363131336,87.81674445550037
70.50583786179062,75.47199219292716,70.58914249060435,75.48225546338085,58.36968270013422
111.679601240247,93.7327877576718,106.53817314348875,101.88494921336707,99.62696018167117
87.10335822565483,98.05018547262286,96.29744274044339,100.5487319918048,85.53400282104252
83.74529497716794,95.41960701877659,101.93672536343293,108.57111149074824,82.86390481263933
101.85876835929398,98.0890359763556,79.41569814919718,106.56148740113905,96.92542724511304
83.91749546491859,73.40392912054267,65.71254255218591,68.20589447893232,67.21810560305393
99.24832369950326,99.0764635493657,104.6101754556178,101.64707641921446,104.3648886519605
98.90823450436201,106.5254433563059,98.35382053183048,105.63937946051875,105.09869109459312
88.92344908499739,100.98549571903732,94.24936704641422,90.36657774296788,93.83411061528469
92.06169138376876,74.95120683467728,91.85764750228604,85.70958898452409,61.91364254087831
94.40352281111784,74.80574072357784,94.3413187000109,94.74384459227427,91.374108221063
86.90497338725169,91.41765243065588,75.46296632583557,88.86231669150686,87.10326163538794
91.31787816165418,76.05565383898653,91.89342699572194,84.17755947450388,81.09363680958049
92.67673836664193,89.90368965234877,90.72559485879887,81.2774083547906,82.1690421465592
82.05647153021772,76.6914299416283,84.0272635448122,101.14568973047018,90.71834380644573
86.75314563726774,80.3436903870935,109.26497156818452,108.37788353851218,99.08902290537094
89.63310191987695,77.74100492805132,80.07664015193119,90.50349171001282,102.88279973820032
95.10996004137057,84.70702161081725,75.02904788831324,89.49370550377789,94.62682256987992
91.99170926162876,93.25547854348108,69.26643422385158,80.43477322036975,104.38646322549326
93.69848863572425,99.15924845040396,81.70113586064264,96.6489280414311,91.94209305820334
84.16354637412064,88.70321560815071,87.21246307168802,75.13935724539492,78.29176952727396
94.29532739091773,95.22719526063355,104.73940600755816,96.14758491142203,105.87979337514271
102.19486957275998,102.27273759963326,93.10307329362412,91.23671889782878,105.30712742364143
91.25510461083546,98.6636083447273,86.98859254378716,87.12481187072939,89.47023391150483
77.17159599219815,90.85671506949443,92.62323571937105,91.28058028707538,96.39271324940017
85.34857460103579,82.63478136349248,66.78025250995448,89.61328216903247,79.98814867613808
109.8633300567404,105.59871076858933,109.74037826126799,107.01637980994883,117.53851544784659
84.86289033064936,76.4997228864045,52.47465651879374,73.56033886875045,53.03755818998645
110.14303077898575,95.79792509844891,112.0102505570639,111.47218525259254,100.47698808301149
91.71815291480002,79.32107435328935,87.31202016076236,88.59921889603552,89.28948878281922
98.2232382437811,97.90697178338894,68.8734147387586,94.29504668293569,78.43000079205889
96.05072808168143,69.58571643819204,90.3679679129804,107.27766226186257,97.56248174805852
97.43443359931395,73.39808729736403,91.83107655790558,83.97103730917536,71.23837465901657
70.62941343774375,84.71008590590256,80.3570969272676,85.65839935753826,76.2518868789258
76.12206681693357,92.05560796414967,85.79971112894974,85.72602364048262,80.21603539335486
85.9431588149328,71.4210625937591,85.23584841185479,88.29359994032968,98.96725251374542
85.78829608720892,84.80230165739462,88.85039101595538,97.37214506288831,96.46650295344477
106.7235729205391,108.61109529177841,110.82352817861164,104.56445824733512,104.82162957566192
102.03041932338292,55.709380254759466,89.35674727775701,89.44850782609996,88.78926205122137
92.4097168411776,114.46283908775247,99.61383207097123,100.53016288792735,91.68023261497302
67.49572844625858,70.93679041206003,58.89211071890656,84.3206200795338,89.71527927380197
84.2982428662955,76.82037790449333,85.44751964711843,91.47155256773338,97.82516939935415
96.10592406505732,88.82542994087669,88.83506688551493,99.17290515907284,71.30975558458063
102.82968898254454,105.58607946665941,92.50325245574804,97.88188583557779,101.98338102538834
84.46332440332152,64.50211841669814,86.41627040305607,76.96283389580785,67.66526687100023
115.65723510152563,104.78507397906836,107.49526396349523,108.47182324956347,112.31895373902857
80.66327158864515,88.76096439384376,79.42379542824527,87.2098489357574,75.30242504024393
87.58640120261467,78.06029898832104,83.73371229817,75.14068029637295,88.79557267047156
93.61927487937729,94.46186589727319,88.32122048784743,101.25502271258524,98.12394733744497
77.43474779445319,69.31131045425002,85.68799698129025,91.95562258956473,70.26328052627376
78.76925973068133,84.30771096636931,79.19267082257238,88.37100614060125,71.58354166248776
93.87542019711547,100.99051528209705,89.8809031504949,111.13719495077459,107.00480313574948
96.59028330244756,73.72043813013372,82.3603199671795,82.07361722522514,68.26712292355204
98.63893719432987,109.6983216424021,71.38225691924055,97.3468329117235,101.63597022305312
100.43838527793115,100.3773251247219,87.67210934566033,94.09275488523924,105.40832997589271
77.08511694142963,75.14187644267994,81.69590810236464,88.17790537019802,97.52732920135115
79.16808969945758,109.2588140589805,93.04926699236444,95.49308187249322,90.9713717492507
99.09579989939178,100.52654710857882,94.71213415229505,107.65355947301643,94.10493244916219
96.88958413842549,88.36582404106397,80.05861143050613,75.90009939902068,94.01163926232034
88.70060490936547,86.38945959459855,86.67017297795876,102.5775332495772,87.72992331440571
80.51396817755963,92.60207839293867,80.64481530918393,100.5578738118968,97.97195311488763
77.94087614348936,46.14130905410054,52.43954722754947,83.73470854665261,74.23785087952992
102.49420138887163,90.08120976488735,94.00826786752876,71.72687898326109,90.76083015931032
86.35488979738749,108.23054289182657,87.54517803450733,102.50047980115248,91.14215170544306
108.8437627880849,108.12262079946301,113.84204370645791,105.31882807394575,104.90793375773505
93.97792981654149,91.31307900415356,89.42846318464252,87.80249292266707,95.67754828056553
105.73059941229633,91.06700868159903,95.87358784196749,95.16475624545895,110.89092241459073
100.17922124310408,80.7818251382329,83.33639647930774,94.96092185044097,95.52336607991198
90.7309208701937,96.42119227459136,77.25820469238226,87.58636054828462,83.80014212058987
65.24075898912315,56.871296244647695,38.82369386214762,54.115324580223486,58.896261177626556
87.26260519488086,83.96952859199371,90.12042452427438,87.30400082871458,97.96626651981417
72.5618201156378,87.91431102338325,60.994953261532466,77.68250769672964,93.73630347544858
93.93893200860694,99.08557814769972,105.92263133285766,104.00505403094452,105.2482513293316
90.99647326380666,75.09411870562089,79.13532200597732,82.18882826802555,107.16940991619848
83.55881193554829,87.80903616361532,61.34418432385177,86.2334038935602,73.6876586972036
106.97444569402447,100.07849517949738,105.6825714846056,93.77915464426975,109.98423897698663
78.42345397742329,69.67433033948024,67.06251557467053,65.15759100731091,49.319439114059044
111.3342710942911,102.48753872050264,107.90897149319368,107.09591483054356,105.85863087995442
99.79669454292439,95.53717617947089,99.25373014929264,91.6000422406244,101.27835828984738
85.70768917590688,85.42320429069379,83.96320676180979,92.82649254017544,82.1003145974896
77.77623123221349,88.18011618607206,71.02057369731375,65.12353143106616,62.401648349760116
96.4650590135609,76.64539845074499,86.34870197620943,100.30634570609791,91.67093374230843
81.52496906543934,90.33498133997597,87.8242736334305,90.78824241153038,80.29372485440872
78.28118150443345,97.33945234312264,85.50053677438517,101.43576310785699,99.05433782917687
85.9409416638409,65.51765201580811,69.76672405610206,79.46060907208542,73.58878165705437
90.89856294763328,104.30424271816659,96.66674030536542,92.84395646763707,82.70235040819176
99.19952122898867,79.97113163922715,97.80120773114243,92.47989329539053,99.31760975649642
95.38598058692837,101.33746143678633,103.9516080071788,105.90768490563974,109.94106498302924
101.36223978628288,87.05595577915923,90.42352371031257,100.23360254892333,90.12109652295378
70.41282596444256,85.47019279187693,79.51387563500293,83.92341102126842,86.35911852410739
76.63895867862111,90.49293011026924,62.75567092116747,99.47242264179175,82.92017379453314
111.57177761230986,107.74018219331472,110.99868245098594,109.93582437653663,106.21213795328833
92.60704793588165,93.61829870392533,96.68722847477046,89.13337775545828,88.25915002242213
85.18718527920562,101.11705153912713,102.45943707126985,91.68712220390402,103.55316603491994
90.70780483922478,79.96364954465307,59.479388912449636,93.11581244077676,89.1657207637904
83.27802935421563,88.85363472359036,91.98884777882449,80.26403240633874,85.13196326222618
93.18454232286021,99.16705295861141,83.0107631427189,98.78923006913008,87.50970130182498
105.7375727573183,103.86559357928613,107.50051862807868,114.19958027928652,99.83123110142664
95.87918681259802,87.63890849255291,78.64787836904944,97.38521863664769,107.82429829815175
101.89636855843099,105.26453727069853,97.76241964375893,101.5952785840878,100.23458949557003
99.19252787344168,91.09091456021419,89.8183845185798,75.87384935056974,81.95991511376816
109.86376596953843,94.75495482267301,87.40421287959893,101.58031185110556,113.2290452274431
101.33644589609003,100.89709038974263,104.8142881310043,92.04191953910734,105.89393533983177
91.4519835409648,92.08247309766621,80.60142489914016,78.72849403448312,82.38587398312455
109.17239184027933,97.565694528595,98.74631439059243,110.51277461029736,108.24568590672564
99.54529193993858,95.75523431060944,87.25058898182,97.8654542363623,97.49538257386511
86.257546579496,82.76977424035476,97.39686849512015,95.58142443841527,72.14336786175527
76.17532724796578,82.58892289658021,72.66691301682367,67.65508236504405,72.7960170224546
80.85882033261687,74.85811570418882,98.6087949193756,79.90256911844199,90.22007627093565
84.94815542234872,68.46629570011156,82.26473801950371,83.52724497075124,85.30551759976986
85.95334727996182,62.10614617533098,89.6719037124734,99.7933645915484,88.47580101244571
114.14560795813287,105.13463457524342,98.67156147388648,103.80785574362318,110.63307245244873
93.52204750381273,86.53942991300724,97.40514904347857,93.83133974024942,98.77921969293179
72.83287966149588,73.89065102754611,77.76906489435875,99.09496997326812,86.04853214299928
84.60685288355712,92.13831815660458,88.33797471082626,95.98713677528329,87.6270673802691
101.36798955025004,90.60783191708556,91.06828139633345,86.81870978301981,73.89942269628911
95.07511411733148,109.48170027430126,92.82775453219713,83.87360174184525,79.56994251523525
62.876136966192334,64.42867649890597,68.18089722694585,90.3869252433118,78.76504277001904
116.49044557735365,106.26759019677861,106.1882184928258,107.22816215787951,108.05871914255655
106.27328726724477,107.57755835418152,104.9847035284962,105.06953906336122,108.39979022939298
74.95858289154381,92.25375505823125,77.16878363332556,86.08252353442516,74.31807709720874
104.20026001314957,112.10421309826471,111.08141938205875,100.50990371263833,104.20388397356876
103.3158297069763,91.79460463786107,99.553791432036,112.22915974013,110.44671537145744
107.88623916547049,97.98423601637633,104.79335924347595,96.11296665674354,101.28196662150054
102.62177405941843,91.0467937215508,96.841393074405,93.65585793849347,85.64808360118954
101.5881513753424,66.71011335785366,78.60038527265863,88.76392572208078,80.63139005029517
89.2374903700788,83.133178303551,87.12342732726935,89.12592171214818,104.33451971224656
